{
	"song": {
		"player1": "bfghost",
		"player2": "suitedAfton",
		"notes": [
			{
				"lengthInSteps": 16,
				"sectionNotes": [],
				"mustHitSection": true
			},
			{
				"lengthInSteps": 16,
				"sectionNotes": [
					[
						1230.76923076923,
						3,
						769.230769230769
					],
					[
						2153.84615384615,
						1,
						307.692307692308
					]
				],
				"mustHitSection": true
			},
			{
				"lengthInSteps": 16,
				"sectionNotes": [
					[
						2615.38461538462,
						2,
						0
					],
					[
						2769.23076923077,
						3,
						0
					],
					[
						2923.07692307692,
						0,
						0
					],
					[
						3076.92307692308,
						2,
						153.846153846154
					],
					[
						3384.61538461538,
						1,
						153.846153846154
					]
				],
				"mustHitSection": true
			},
			{
				"lengthInSteps": 16,
				"sectionNotes": [
					[
						3692.30769230769,
						3,
						0
					],
					[
						3846.15384615385,
						2,
						0
					],
					[
						4000,
						1,
						0
					],
					[
						4153.84615384615,
						2,
						0
					],
					[
						4307.69230769231,
						0,
						0
					],
					[
						4461.53846153846,
						3,
						0
					],
					[
						4615.38461538462,
						0,
						307.692307692308
					]
				],
				"mustHitSection": true
			},
			{
				"lengthInSteps": 16,
				"sectionNotes": [
					[
						5076.92307692308,
						1,
						0
					],
					[
						5230.76923076923,
						3,
						0
					],
					[
						5384.61538461538,
						1,
						0
					],
					[
						5538.46153846154,
						0,
						153.846153846154
					],
					[
						5846.15384615385,
						3,
						153.846153846154
					]
				],
				"mustHitSection": true
			},
			{
				"lengthInSteps": 16,
				"sectionNotes": [
					[
						6153.84615384615,
						2,
						153.846153846154
					],
					[
						6461.53846153846,
						0,
						0
					],
					[
						6615.38461538462,
						2,
						0
					],
					[
						6769.23076923077,
						1,
						0
					],
					[
						6923.07692307692,
						0,
						0
					],
					[
						7076.92307692308,
						2,
						307.692307692308
					]
				],
				"mustHitSection": true
			},
			{
				"lengthInSteps": 16,
				"sectionNotes": [
					[
						7538.46153846154,
						2,
						0
					],
					[
						7692.30769230769,
						3,
						0
					],
					[
						7846.15384615385,
						0,
						0
					],
					[
						8000,
						3,
						0
					],
					[
						8153.84615384615,
						1,
						0
					],
					[
						8307.69230769231,
						0,
						0
					],
					[
						8461.53846153846,
						2,
						0
					]
				],
				"mustHitSection": true
			},
			{
				"lengthInSteps": 16,
				"sectionNotes": [
					[
						8615.38461538462,
						3,
						0
					],
					[
						8769.23076923077,
						0,
						0
					],
					[
						8846.15384615385,
						3,
						0
					],
					[
						8923.07692307692,
						2,
						0
					],
					[
						9076.92307692308,
						1,
						0
					],
					[
						9230.76923076923,
						0,
						0
					],
					[
						9384.61538461538,
						1,
						0
					],
					[
						9538.46153846154,
						2,
						0
					],
					[
						9692.30769230769,
						3,
						0
					]
				],
				"mustHitSection": true
			},
			{
				"lengthInSteps": 16,
				"sectionNotes": [
					[
						9846.15384615385,
						0,
						0
					],
					[
						10000,
						1,
						0
					],
					[
						10153.8461538462,
						2,
						0
					],
					[
						10307.6923076923,
						3,
						0
					],
					[
						10461.5384615385,
						2,
						153.846153846154
					],
					[
						10769.2307692308,
						0,
						153.846153846154
					]
				],
				"mustHitSection": true
			},
			{
				"lengthInSteps": 16,
				"sectionNotes": [
					[
						11076.9230769231,
						7,
						1153.84615384615
					],
					[
						11076.9230769231,
						3,
						769.230769230769
					],
					[
						12000,
						1,
						307.692307692308
					]
				],
				"mustHitSection": false
			},
			{
				"lengthInSteps": 16,
				"sectionNotes": [
					[
						12461.5384615385,
						2,
						0
					],
					[
						12615.3846153846,
						3,
						0
					],
					[
						12769.2307692308,
						0,
						0
					],
					[
						12923.0769230769,
						2,
						153.846153846154
					],
					[
						13230.7692307692,
						1,
						153.846153846154
					]
				],
				"mustHitSection": false
			},
			{
				"lengthInSteps": 16,
				"sectionNotes": [
					[
						13538.4615384615,
						3,
						0
					],
					[
						13692.3076923077,
						2,
						0
					],
					[
						13846.1538461538,
						1,
						0
					],
					[
						14000,
						2,
						0
					],
					[
						14153.8461538462,
						0,
						0
					],
					[
						14307.6923076923,
						3,
						0
					],
					[
						14461.5384615385,
						0,
						307.692307692308
					]
				],
				"mustHitSection": false
			},
			{
				"lengthInSteps": 16,
				"sectionNotes": [
					[
						14923.0769230769,
						1,
						0
					],
					[
						15076.9230769231,
						3,
						0
					],
					[
						15230.7692307692,
						1,
						0
					],
					[
						15384.6153846154,
						0,
						153.846153846154
					],
					[
						15692.3076923077,
						3,
						153.846153846154
					]
				],
				"mustHitSection": false
			},
			{
				"lengthInSteps": 16,
				"sectionNotes": [
					[
						16000,
						2,
						153.846153846154
					],
					[
						16307.6923076923,
						0,
						0
					],
					[
						16461.5384615385,
						2,
						0
					],
					[
						16615.3846153846,
						1,
						0
					],
					[
						16769.2307692308,
						0,
						0
					],
					[
						16923.0769230769,
						2,
						307.692307692308
					]
				],
				"mustHitSection": false
			},
			{
				"lengthInSteps": 16,
				"sectionNotes": [
					[
						17384.6153846154,
						2,
						0
					],
					[
						17538.4615384615,
						3,
						0
					],
					[
						17692.3076923077,
						0,
						0
					],
					[
						17846.1538461538,
						3,
						0
					],
					[
						18000,
						1,
						0
					],
					[
						18153.8461538462,
						0,
						0
					],
					[
						18307.6923076923,
						2,
						0
					]
				],
				"mustHitSection": false
			},
			{
				"lengthInSteps": 16,
				"sectionNotes": [
					[
						18461.5384615385,
						3,
						0
					],
					[
						18615.3846153846,
						0,
						0
					],
					[
						18692.3076923077,
						3,
						0
					],
					[
						18769.2307692308,
						2,
						0
					],
					[
						18923.0769230769,
						1,
						0
					],
					[
						19076.9230769231,
						0,
						0
					],
					[
						19230.7692307692,
						1,
						0
					],
					[
						19384.6153846154,
						2,
						0
					],
					[
						19538.4615384615,
						3,
						0
					]
				],
				"mustHitSection": false
			},
			{
				"lengthInSteps": 16,
				"sectionNotes": [
					[
						19692.3076923077,
						0,
						0
					],
					[
						19846.1538461538,
						1,
						0
					],
					[
						20000,
						2,
						0
					],
					[
						20153.8461538462,
						3,
						0
					],
					[
						20307.6923076923,
						2,
						153.846153846154
					],
					[
						20615.3846153846,
						0,
						153.846153846154
					]
				],
				"mustHitSection": false
			},
			{
				"lengthInSteps": 16,
				"sectionNotes": [
					[
						20923.0769230769,
						7,
						1153.84615384615
					],
					[
						20923.0769230769,
						2,
						0
					],
					[
						21076.9230769231,
						0,
						0
					],
					[
						21153.8461538462,
						1,
						0
					],
					[
						21230.7692307692,
						3,
						0
					],
					[
						21384.6153846154,
						1,
						0
					],
					[
						21692.3076923077,
						3,
						0
					],
					[
						21769.2307692308,
						2,
						0
					],
					[
						21846.1538461538,
						3,
						0
					],
					[
						22000,
						1,
						0
					]
				],
				"mustHitSection": true
			},
			{
				"lengthInSteps": 16,
				"sectionNotes": [
					[
						22153.8461538462,
						2,
						0
					],
					[
						22307.6923076923,
						0,
						0
					],
					[
						22461.5384615385,
						2,
						0
					],
					[
						22615.3846153846,
						3,
						0
					],
					[
						22769.2307692308,
						1,
						0
					],
					[
						22692.3076923077,
						0,
						0
					],
					[
						22923.0769230769,
						2,
						0
					],
					[
						23076.9230769231,
						1,
						0
					],
					[
						23153.8461538462,
						0,
						0
					],
					[
						23230.7692307692,
						2,
						0
					],
					[
						23307.6923076923,
						1,
						0
					]
				],
				"mustHitSection": true
			},
			{
				"lengthInSteps": 16,
				"sectionNotes": [
					[
						24461.5384615385,
						1,
						0
					],
					[
						24153.8461538462,
						3,
						0
					],
					[
						24230.7692307692,
						2,
						0
					],
					[
						24307.6923076923,
						3,
						0
					],
					[
						24384.6153846154,
						2,
						0
					],
					[
						23384.6153846154,
						3,
						0
					],
					[
						23461.5384615385,
						2,
						0
					],
					[
						23538.4615384615,
						3,
						0
					],
					[
						23615.3846153846,
						0,
						0
					],
					[
						23692.3076923077,
						1,
						0
					],
					[
						23846.1538461538,
						0,
						153.846153846154
					]
				],
				"mustHitSection": true
			},
			{
				"lengthInSteps": 16,
				"sectionNotes": [
					[
						24615.3846153846,
						3,
						0
					],
					[
						24846.1538461538,
						0,
						0
					],
					[
						24923.0769230769,
						3,
						0
					],
					[
						25076.9230769231,
						2,
						0
					],
					[
						25230.7692307692,
						1,
						0
					],
					[
						25384.6153846154,
						0,
						0
					],
					[
						25538.4615384615,
						2,
						0
					],
					[
						25692.3076923077,
						1,
						0
					],
					[
						24769.2307692308,
						1,
						0
					]
				],
				"mustHitSection": true
			},
			{
				"lengthInSteps": 16,
				"sectionNotes": [
					[
						25846.1538461538,
						3,
						0
					],
					[
						26000,
						0,
						0
					],
					[
						26076.9230769231,
						1,
						0
					],
					[
						26153.8461538462,
						3,
						0
					],
					[
						26307.6923076923,
						2,
						0
					],
					[
						26461.5384615385,
						0,
						0
					],
					[
						26538.4615384615,
						1,
						0
					],
					[
						26615.3846153846,
						3,
						0
					],
					[
						26692.3076923077,
						0,
						0
					],
					[
						26769.2307692308,
						1,
						0
					],
					[
						26923.0769230769,
						2,
						0
					]
				],
				"mustHitSection": true
			},
			{
				"lengthInSteps": 16,
				"sectionNotes": [
					[
						27076.9230769231,
						3,
						0
					],
					[
						27153.8461538462,
						2,
						0
					],
					[
						27230.7692307692,
						3,
						0
					],
					[
						27538.4615384615,
						2,
						0
					],
					[
						27692.3076923077,
						0,
						153.846153846154
					],
					[
						28000,
						2,
						0
					],
					[
						28153.8461538462,
						3,
						0
					],
					[
						27307.6923076923,
						0,
						0
					],
					[
						27384.6153846154,
						1,
						0
					]
				],
				"mustHitSection": true
			},
			{
				"lengthInSteps": 16,
				"sectionNotes": [
					[
						28307.6923076923,
						2,
						0
					],
					[
						28384.6153846154,
						0,
						0
					],
					[
						28461.5384615385,
						1,
						0
					],
					[
						28538.4615384615,
						3,
						0
					],
					[
						28615.3846153846,
						2,
						0
					],
					[
						28769.2307692308,
						0,
						0
					],
					[
						28923.0769230769,
						2,
						0
					],
					[
						29076.9230769231,
						0,
						0
					],
					[
						29230.7692307692,
						1,
						153.846153846154
					]
				],
				"mustHitSection": true
			},
			{
				"lengthInSteps": 16,
				"sectionNotes": [
					[
						30615.3846153846,
						0,
						0
					],
					[
						30461.5384615385,
						0,
						0
					],
					[
						30000,
						3,
						0
					],
					[
						30307.6923076923,
						3,
						0
					],
					[
						30692.3076923077,
						0,
						0
					],
					[
						30153.8461538462,
						2,
						0
					],
					[
						29538.4615384615,
						2,
						0
					],
					[
						29615.3846153846,
						1,
						0
					],
					[
						29692.3076923077,
						3,
						0
					],
					[
						29769.2307692308,
						2,
						0
					],
					[
						29846.1538461538,
						1,
						0
					]
				],
				"mustHitSection": true
			},
			{
				"lengthInSteps": 16,
				"sectionNotes": [
					[
						30769.2307692307,
						2,
						0
					],
					[
						30923.0769230769,
						0,
						0
					],
					[
						31000,
						1,
						0
					],
					[
						31076.923076923,
						3,
						0
					],
					[
						31230.7692307692,
						1,
						0
					],
					[
						31538.4615384615,
						3,
						0
					],
					[
						31615.3846153846,
						2,
						0
					],
					[
						31692.3076923076,
						3,
						0
					],
					[
						31846.1538461538,
						1,
						0
					]
				],
				"mustHitSection": false
			},
			{
				"lengthInSteps": 16,
				"sectionNotes": [
					[
						32000,
						2,
						0
					],
					[
						32153.8461538461,
						0,
						0
					],
					[
						32307.6923076923,
						2,
						0
					],
					[
						32461.5384615384,
						3,
						0
					],
					[
						32615.3846153846,
						1,
						0
					],
					[
						32538.4615384615,
						0,
						0
					],
					[
						32769.2307692308,
						2,
						0
					],
					[
						32923.0769230769,
						1,
						0
					],
					[
						33000,
						0,
						0
					],
					[
						33076.9230769231,
						2,
						0
					],
					[
						33153.8461538462,
						1,
						0
					],
					[
						32307.6923076923,
						7,
						153.846153846154
					],
					[
						32615.3846153846,
						6,
						0
					],
					[
						32769.2307692308,
						5,
						0
					],
					[
						32923.0769230769,
						6,
						0
					],
					[
						33076.9230769231,
						7,
						1230.76923076923
					]
				],
				"mustHitSection": false
			},
			{
				"lengthInSteps": 16,
				"sectionNotes": [
					[
						34307.6923076923,
						1,
						0
					],
					[
						34000,
						3,
						0
					],
					[
						34076.923076923,
						2,
						0
					],
					[
						34153.8461538461,
						3,
						0
					],
					[
						34230.7692307692,
						2,
						0
					],
					[
						33230.7692307692,
						3,
						0
					],
					[
						33307.6923076923,
						2,
						0
					],
					[
						33384.6153846154,
						3,
						0
					],
					[
						33461.5384615385,
						0,
						0
					],
					[
						33538.4615384615,
						1,
						0
					],
					[
						33692.3076923077,
						0,
						153.846153846154
					]
				],
				"mustHitSection": false
			},
			{
				"lengthInSteps": 16,
				"sectionNotes": [
					[
						34461.5384615384,
						3,
						0
					],
					[
						34692.3076923076,
						0,
						0
					],
					[
						34769.2307692308,
						3,
						0
					],
					[
						34923.076923077,
						2,
						0
					],
					[
						35076.923076923,
						1,
						0
					],
					[
						35230.7692307692,
						0,
						0
					],
					[
						35384.6153846153,
						2,
						0
					],
					[
						35538.4615384615,
						1,
						0
					],
					[
						34615.3846153846,
						1,
						0
					],
					[
						34769.2307692308,
						4,
						0
					],
					[
						34923.0769230769,
						6,
						0
					],
					[
						35076.9230769231,
						4,
						0
					],
					[
						35230.7692307692,
						5,
						0
					],
					[
						35384.6153846154,
						6,
						0
					],
					[
						35538.4615384615,
						4,
						1230.76923076923
					]
				],
				"mustHitSection": false
			},
			{
				"lengthInSteps": 16,
				"sectionNotes": [
					[
						35692.3076923076,
						3,
						0
					],
					[
						35846.1538461538,
						0,
						0
					],
					[
						35923.076923077,
						1,
						0
					],
					[
						36000,
						3,
						0
					],
					[
						36153.8461538461,
						2,
						0
					],
					[
						36307.6923076923,
						0,
						0
					],
					[
						36384.6153846153,
						1,
						0
					],
					[
						36461.5384615384,
						3,
						0
					],
					[
						36538.4615384615,
						0,
						0
					],
					[
						36615.3846153846,
						1,
						0
					],
					[
						36769.2307692308,
						2,
						0
					]
				],
				"mustHitSection": false
			},
			{
				"lengthInSteps": 16,
				"sectionNotes": [
					[
						36923.076923077,
						3,
						0
					],
					[
						37000,
						2,
						0
					],
					[
						37076.923076923,
						3,
						0
					],
					[
						37384.6153846153,
						2,
						0
					],
					[
						37538.4615384615,
						0,
						153.846153846154
					],
					[
						37846.1538461538,
						2,
						0
					],
					[
						38000,
						3,
						0
					],
					[
						37230.7692307692,
						6,
						0
					],
					[
						37384.6153846154,
						7,
						0
					],
					[
						37538.4615384615,
						6,
						0
					],
					[
						37692.3076923077,
						4,
						0
					],
					[
						37846.1538461539,
						6,
						0
					],
					[
						38000,
						5,
						0
					],
					[
						37230.7692307692,
						1,
						0
					],
					[
						37153.8461538462,
						0,
						0
					]
				],
				"mustHitSection": false
			},
			{
				"lengthInSteps": 16,
				"sectionNotes": [
					[
						38153.8461538461,
						2,
						0
					],
					[
						38230.7692307692,
						0,
						0
					],
					[
						38307.6923076923,
						1,
						0
					],
					[
						38384.6153846153,
						3,
						0
					],
					[
						38461.5384615384,
						2,
						0
					],
					[
						38615.3846153846,
						0,
						0
					],
					[
						38769.2307692308,
						2,
						0
					],
					[
						38923.076923077,
						0,
						0
					],
					[
						39076.923076923,
						1,
						153.846153846154
					],
					[
						38153.8461538462,
						7,
						153.846153846154
					],
					[
						38461.5384615385,
						6,
						153.846153846154
					],
					[
						38769.2307692308,
						7,
						153.846153846154
					],
					[
						39076.9230769231,
						6,
						153.846153846154
					]
				],
				"mustHitSection": false
			},
			{
				"lengthInSteps": 16,
				"sectionNotes": [
					[
						40461.5384615384,
						0,
						0
					],
					[
						40307.6923076923,
						0,
						0
					],
					[
						39846.1538461538,
						3,
						0
					],
					[
						40153.8461538461,
						3,
						0
					],
					[
						40538.4615384615,
						0,
						0
					],
					[
						40000,
						2,
						0
					],
					[
						39384.6153846154,
						5,
						153.846153846154
					],
					[
						39692.3076923077,
						4,
						153.846153846154
					],
					[
						40000,
						5,
						461.538461538462
					],
					[
						39384.6153846154,
						2,
						0
					],
					[
						39461.5384615385,
						1,
						0
					],
					[
						39538.4615384616,
						3,
						0
					],
					[
						39615.3846153846,
						2,
						0
					],
					[
						39692.3076923077,
						1,
						0
					]
				],
				"mustHitSection": false
			},
			{
				"lengthInSteps": 16,
				"sectionNotes": [
					[
						40615.3846153846,
						2,
						0
					],
					[
						40846.1538461539,
						3,
						0
					],
					[
						40923.0769230769,
						2,
						0
					],
					[
						41076.9230769231,
						3,
						0
					],
					[
						41230.7692307692,
						2,
						0
					],
					[
						41384.6153846154,
						1,
						0
					],
					[
						41538.4615384616,
						3,
						0
					],
					[
						41615.3846153846,
						2,
						0
					],
					[
						41692.3076923077,
						3,
						0
					],
					[
						41769.2307692308,
						0,
						0
					],
					[
						40769.2307692308,
						0,
						0
					]
				],
				"mustHitSection": true
			},
			{
				"lengthInSteps": 16,
				"sectionNotes": [
					[
						42000,
						1,
						0
					],
					[
						42153.8461538462,
						0,
						0
					],
					[
						42307.6923076923,
						1,
						153.846153846154
					],
					[
						42615.3846153846,
						2,
						0
					],
					[
						42769.2307692308,
						0,
						0
					],
					[
						42846.1538461539,
						1,
						0
					],
					[
						42923.0769230769,
						3,
						0
					],
					[
						43000,
						0,
						0
					],
					[
						41846.1538461539,
						2,
						0
					]
				],
				"mustHitSection": true
			},
			{
				"lengthInSteps": 16,
				"sectionNotes": [
					[
						43076.9230769231,
						1,
						0
					],
					[
						43153.8461538462,
						3,
						0
					],
					[
						43230.7692307693,
						2,
						0
					],
					[
						43307.6923076923,
						1,
						0
					],
					[
						43384.6153846154,
						3,
						0
					],
					[
						43461.5384615385,
						0,
						0
					],
					[
						43538.4615384616,
						2,
						153.846153846154
					],
					[
						43846.1538461539,
						1,
						0
					],
					[
						43923.0769230769,
						1,
						0
					],
					[
						44000,
						2,
						0
					],
					[
						44153.8461538462,
						3,
						0
					]
				],
				"mustHitSection": true
			},
			{
				"lengthInSteps": 16,
				"sectionNotes": [
					[
						44384.6153846154,
						1,
						0
					],
					[
						44461.5384615385,
						2,
						0
					],
					[
						44615.3846153846,
						0,
						0
					],
					[
						44692.3076923077,
						1,
						0
					],
					[
						44769.2307692308,
						3,
						0
					],
					[
						44923.076923077,
						2,
						0
					],
					[
						45076.9230769231,
						1,
						0
					],
					[
						45230.7692307693,
						0,
						0
					],
					[
						45384.6153846154,
						1,
						0
					],
					[
						44307.6923076923,
						0,
						0
					]
				],
				"mustHitSection": true
			},
			{
				"lengthInSteps": 16,
				"sectionNotes": [
					[
						45538.4615384616,
						3,
						0
					],
					[
						45692.3076923077,
						0,
						0
					],
					[
						45769.2307692308,
						1,
						0
					],
					[
						45846.1538461539,
						3,
						0
					],
					[
						46000,
						1,
						0
					],
					[
						46153.8461538462,
						2,
						0
					],
					[
						46307.6923076923,
						1,
						0
					],
					[
						46461.5384615385,
						3,
						0
					],
					[
						46615.3846153846,
						2,
						0
					]
				],
				"mustHitSection": true
			},
			{
				"lengthInSteps": 16,
				"sectionNotes": [
					[
						46769.2307692308,
						0,
						0
					],
					[
						47384.6153846154,
						3,
						0
					],
					[
						47538.4615384616,
						2,
						0
					],
					[
						47692.3076923077,
						3,
						0
					],
					[
						47846.1538461539,
						1,
						0
					],
					[
						47000,
						3,
						0
					],
					[
						47076.9230769231,
						2,
						0
					],
					[
						46923.076923077,
						1,
						0
					],
					[
						47153.8461538462,
						1,
						0
					],
					[
						47230.7692307693,
						3,
						0
					],
					[
						47307.6923076923,
						2,
						0
					]
				],
				"mustHitSection": true
			},
			{
				"lengthInSteps": 16,
				"sectionNotes": [
					[
						48153.8461538462,
						2,
						0
					],
					[
						48230.7692307693,
						1,
						0
					],
					[
						48307.6923076923,
						3,
						0
					],
					[
						48384.6153846154,
						2,
						0
					],
					[
						48461.5384615385,
						0,
						0
					],
					[
						48615.3846153847,
						1,
						0
					],
					[
						48692.3076923077,
						3,
						0
					],
					[
						48769.2307692308,
						2,
						0
					],
					[
						48923.076923077,
						3,
						0
					],
					[
						49076.9230769231,
						1,
						0
					],
					[
						48000,
						3,
						0
					],
					[
						48846.1538461539,
						0,
						0
					]
				],
				"mustHitSection": true
			},
			{
				"lengthInSteps": 16,
				"sectionNotes": [
					[
						49230.7692307693,
						2,
						0
					],
					[
						49307.6923076923,
						1,
						0
					],
					[
						49384.6153846154,
						3,
						0
					],
					[
						49461.5384615385,
						0,
						0
					],
					[
						49538.4615384616,
						2,
						0
					],
					[
						49615.3846153847,
						3,
						0
					],
					[
						49692.3076923077,
						1,
						0
					],
					[
						49846.1538461539,
						3,
						0
					],
					[
						50000,
						3,
						0
					],
					[
						50076.9230769231,
						1,
						0
					],
					[
						50153.8461538462,
						2,
						0
					],
					[
						50230.7692307693,
						0,
						0
					],
					[
						50307.6923076923,
						1,
						0
					],
					[
						50384.6153846154,
						3,
						0
					],
					[
						49923.076923077,
						2,
						0
					],
					[
						49769.2307692308,
						0,
						0
					]
				],
				"mustHitSection": true
			},
			{
				"lengthInSteps": 16,
				"sectionNotes": [
					[
						50461.5384615385,
						6,
						769.230769230769
					],
					[
						51384.6153846154,
						7,
						0
					],
					[
						51461.5384615385,
						6,
						0
					],
					[
						51538.4615384616,
						7,
						0
					],
					[
						51615.3846153847,
						4,
						0
					],
					[
						50461.5384615385,
						2,
						0
					],
					[
						50692.3076923077,
						3,
						0
					],
					[
						50769.2307692308,
						2,
						0
					],
					[
						50923.0769230769,
						3,
						0
					],
					[
						51076.9230769231,
						2,
						0
					],
					[
						51230.7692307692,
						1,
						0
					],
					[
						51384.6153846154,
						3,
						0
					],
					[
						51461.5384615385,
						2,
						0
					],
					[
						51538.4615384616,
						3,
						0
					],
					[
						51615.3846153846,
						0,
						0
					],
					[
						50615.3846153846,
						0,
						0
					]
				],
				"mustHitSection": false
			},
			{
				"lengthInSteps": 16,
				"sectionNotes": [
					[
						51692.3076923077,
						5,
						307.692307692308
					],
					[
						52153.8461538462,
						7,
						307.692307692308
					],
					[
						52615.3846153847,
						5,
						153.846153846154
					],
					[
						51846.1538461539,
						1,
						0
					],
					[
						52000,
						0,
						0
					],
					[
						52153.8461538462,
						1,
						153.846153846154
					],
					[
						52461.5384615385,
						2,
						0
					],
					[
						52615.3846153846,
						0,
						0
					],
					[
						52692.3076923077,
						1,
						0
					],
					[
						52769.2307692308,
						3,
						0
					],
					[
						52846.1538461539,
						0,
						0
					],
					[
						51692.3076923077,
						2,
						0
					]
				],
				"mustHitSection": false
			},
			{
				"lengthInSteps": 16,
				"sectionNotes": [
					[
						52923.076923077,
						1,
						0
					],
					[
						53000,
						3,
						0
					],
					[
						53076.9230769231,
						2,
						0
					],
					[
						53153.8461538462,
						1,
						0
					],
					[
						53230.7692307692,
						3,
						0
					],
					[
						53307.6923076923,
						0,
						0
					],
					[
						53384.6153846154,
						2,
						153.846153846154
					],
					[
						53769.2307692308,
						1,
						0
					],
					[
						53846.1538461539,
						2,
						0
					],
					[
						54000,
						3,
						0
					],
					[
						52923.076923077,
						6,
						0
					],
					[
						53076.9230769231,
						4,
						0
					],
					[
						53230.7692307693,
						5,
						0
					],
					[
						53384.6153846154,
						7,
						153.846153846154
					],
					[
						53692.3076923077,
						4,
						0
					],
					[
						53769.2307692308,
						5,
						0
					],
					[
						53846.1538461539,
						6,
						0
					],
					[
						54000.0000000001,
						7,
						0
					],
					[
						53692.3076923077,
						1,
						0
					]
				],
				"mustHitSection": false
			},
			{
				"lengthInSteps": 16,
				"sectionNotes": [
					[
						54230.7692307693,
						1,
						0
					],
					[
						54307.6923076923,
						2,
						0
					],
					[
						54461.5384615385,
						0,
						0
					],
					[
						54538.4615384616,
						1,
						0
					],
					[
						54615.3846153846,
						3,
						0
					],
					[
						54769.2307692308,
						2,
						0
					],
					[
						54923.076923077,
						1,
						0
					],
					[
						55076.9230769231,
						0,
						0
					],
					[
						55230.7692307693,
						1,
						0
					],
					[
						54153.8461538462,
						0,
						0
					],
					[
						54153.8461538462,
						4,
						0
					],
					[
						54230.7692307693,
						5,
						0
					],
					[
						54307.6923076924,
						7,
						0
					],
					[
						54461.5384615385,
						5,
						0
					],
					[
						54615.3846153847,
						6,
						0
					],
					[
						54769.2307692308,
						5,
						0
					],
					[
						54846.1538461539,
						7,
						0
					],
					[
						54923.076923077,
						6,
						0
					],
					[
						55076.9230769231,
						7,
						0
					],
					[
						55153.8461538462,
						6,
						0
					],
					[
						55230.7692307693,
						7,
						0
					],
					[
						55307.6923076924,
						4,
						0
					]
				],
				"mustHitSection": false
			},
			{
				"lengthInSteps": 16,
				"sectionNotes": [
					[
						55384.6153846154,
						3,
						0
					],
					[
						55538.4615384616,
						0,
						0
					],
					[
						55615.3846153847,
						1,
						0
					],
					[
						55692.3076923077,
						3,
						0
					],
					[
						55846.1538461539,
						1,
						0
					],
					[
						56000,
						2,
						0
					],
					[
						56153.8461538462,
						1,
						0
					],
					[
						56307.6923076923,
						3,
						0
					],
					[
						56461.5384615385,
						2,
						0
					],
					[
						55384.6153846154,
						7,
						307.692307692308
					],
					[
						55846.1538461539,
						6,
						307.692307692308
					],
					[
						56307.6923076924,
						5,
						153.846153846154
					]
				],
				"mustHitSection": false
			},
			{
				"lengthInSteps": 16,
				"sectionNotes": [
					[
						56615.3846153847,
						0,
						0
					],
					[
						57230.7692307693,
						3,
						0
					],
					[
						57384.6153846154,
						2,
						0
					],
					[
						57538.4615384616,
						3,
						0
					],
					[
						57692.3076923077,
						1,
						0
					],
					[
						56846.1538461539,
						3,
						0
					],
					[
						56923.076923077,
						2,
						0
					],
					[
						56769.2307692308,
						1,
						0
					],
					[
						57000,
						1,
						0
					],
					[
						57076.9230769231,
						3,
						0
					],
					[
						57153.8461538462,
						2,
						0
					],
					[
						56615.3846153847,
						7,
						0
					],
					[
						56769.2307692308,
						6,
						0
					],
					[
						56923.076923077,
						4,
						0
					],
					[
						57076.9230769231,
						6,
						0
					],
					[
						57230.7692307693,
						5,
						0
					],
					[
						57384.6153846154,
						5,
						0
					],
					[
						57538.4615384616,
						7,
						153.846153846154
					]
				],
				"mustHitSection": false
			},
			{
				"lengthInSteps": 16,
				"sectionNotes": [
					[
						58000,
						2,
						0
					],
					[
						58076.9230769231,
						1,
						0
					],
					[
						58153.8461538462,
						3,
						0
					],
					[
						58230.7692307693,
						2,
						0
					],
					[
						58307.6923076923,
						0,
						0
					],
					[
						58461.5384615385,
						1,
						0
					],
					[
						58538.4615384616,
						3,
						0
					],
					[
						58615.3846153847,
						2,
						0
					],
					[
						58769.2307692308,
						3,
						0
					],
					[
						58923.076923077,
						1,
						0
					],
					[
						57846.1538461539,
						3,
						0
					],
					[
						58692.3076923077,
						0,
						0
					],
					[
						57846.1538461539,
						5,
						307.692307692308
					],
					[
						58307.6923076924,
						6,
						307.692307692308
					],
					[
						58769.2307692308,
						4,
						153.846153846154
					]
				],
				"mustHitSection": false
			},
			{
				"lengthInSteps": 16,
				"sectionNotes": [
					[
						59076.9230769231,
						2,
						0
					],
					[
						59153.8461538462,
						1,
						0
					],
					[
						59230.7692307693,
						3,
						0
					],
					[
						59307.6923076924,
						0,
						0
					],
					[
						59384.6153846154,
						2,
						0
					],
					[
						59461.5384615385,
						3,
						0
					],
					[
						59538.4615384616,
						1,
						0
					],
					[
						59692.3076923077,
						3,
						0
					],
					[
						59846.1538461539,
						3,
						0
					],
					[
						59923.076923077,
						1,
						0
					],
					[
						60000,
						2,
						0
					],
					[
						60076.9230769231,
						0,
						0
					],
					[
						60153.8461538462,
						1,
						0
					],
					[
						60230.7692307693,
						3,
						0
					],
					[
						59769.2307692308,
						2,
						0
					],
					[
						59615.3846153847,
						0,
						0
					],
					[
						59076.9230769231,
						6,
						0
					],
					[
						59230.7692307693,
						5,
						0
					],
					[
						59384.6153846154,
						6,
						0
					],
					[
						59538.4615384616,
						4,
						0
					],
					[
						59692.3076923078,
						6,
						0
					],
					[
						59846.1538461539,
						7,
						0
					],
					[
						60000.0000000001,
						5,
						0
					],
					[
						60153.8461538462,
						6,
						0
					]
				],
				"mustHitSection": false
			},
			{
				"lengthInSteps": 16,
				"sectionNotes": [
					[
						60307.6923076924,
						2,
						615.384615384615
					],
					[
						61076.9230769231,
						3,
						0
					],
					[
						61230.7692307693,
						2,
						0
					],
					[
						61384.6153846155,
						0,
						0
					],
					[
						60307.6923076924,
						4,
						461.538461538462
					]
				],
				"mustHitSection": false
			},
			{
				"lengthInSteps": 16,
				"sectionNotes": [
					[
						61692.3076923078,
						0,
						0
					],
					[
						61846.1538461539,
						2,
						0
					],
					[
						62000.0000000001,
						3,
						0
					],
					[
						62153.8461538462,
						1,
						0
					],
					[
						62307.6923076924,
						2,
						0
					],
					[
						62461.5384615385,
						1,
						0
					],
					[
						62615.3846153847,
						0,
						0
					],
					[
						62692.3076923078,
						1,
						0
					]
				],
				"mustHitSection": false
			},
			{
				"lengthInSteps": 16,
				"sectionNotes": [
					[
						62769.2307692308,
						3,
						76.9230769230769
					],
					[
						63000.0000000001,
						1,
						76.9230769230769
					],
					[
						63230.7692307693,
						0,
						76.9230769230769
					],
					[
						63461.5384615385,
						2,
						76.9230769230769
					],
					[
						63692.3076923078,
						3,
						0
					],
					[
						63846.1538461539,
						1,
						0
					]
				],
				"mustHitSection": false
			},
			{
				"lengthInSteps": 16,
				"sectionNotes": [
					[
						64000.0000000001,
						2,
						0
					],
					[
						64153.8461538462,
						1,
						0
					],
					[
						64230.7692307693,
						3,
						0
					],
					[
						64307.6923076924,
						2,
						0
					],
					[
						64461.5384615385,
						1,
						0
					],
					[
						64615.3846153847,
						3,
						0
					],
					[
						64769.2307692308,
						0,
						0
					],
					[
						64923.076923077,
						3,
						0
					],
					[
						65076.9230769232,
						1,
						0
					]
				],
				"mustHitSection": false
			},
			{
				"lengthInSteps": 16,
				"sectionNotes": [
					[
						65384.6153846155,
						2,
						0
					],
					[
						65538.4615384616,
						0,
						0
					],
					[
						65692.3076923078,
						1,
						0
					],
					[
						65846.1538461539,
						3,
						0
					],
					[
						66000.0000000001,
						1,
						0
					],
					[
						66153.8461538462,
						0,
						153.846153846154
					]
				],
				"mustHitSection": false
			},
			{
				"lengthInSteps": 16,
				"sectionNotes": [
					[
						66615.3846153847,
						2,
						0
					],
					[
						66769.2307692309,
						3,
						0
					],
					[
						66923.076923077,
						1,
						0
					],
					[
						67076.9230769232,
						2,
						0
					],
					[
						67230.7692307693,
						3,
						0
					],
					[
						67384.6153846155,
						0,
						0
					],
					[
						67538.4615384616,
						0,
						0
					],
					[
						67615.3846153847,
						1,
						0
					]
				],
				"mustHitSection": false
			},
			{
				"lengthInSteps": 16,
				"sectionNotes": [
					[
						67692.3076923078,
						2,
						0
					],
					[
						67846.1538461539,
						1,
						0
					],
					[
						68000.0000000001,
						3,
						0
					],
					[
						68153.8461538462,
						1,
						0
					],
					[
						68307.6923076924,
						2,
						0
					],
					[
						68461.5384615385,
						1,
						0
					],
					[
						68538.4615384616,
						0,
						0
					],
					[
						68615.3846153847,
						3,
						0
					],
					[
						68769.2307692309,
						1,
						0
					]
				],
				"mustHitSection": false
			},
			{
				"lengthInSteps": 16,
				"sectionNotes": [
					[
						68923.076923077,
						2,
						0
					],
					[
						69076.9230769232,
						2,
						0
					],
					[
						69230.7692307693,
						0,
						0
					],
					[
						69384.6153846155,
						1,
						153.846153846154
					],
					[
						69692.3076923078,
						3,
						0
					],
					[
						69846.1538461539,
						1,
						0
					],
					[
						70000.0000000001,
						0,
						0
					]
				],
				"mustHitSection": false
			},
			{
				"lengthInSteps": 16,
				"sectionNotes": [
					[
						70923.076923077,
						0,
						0
					],
					[
						71076.9230769232,
						2,
						0
					],
					[
						71230.7692307693,
						3,
						0
					]
				],
				"mustHitSection": false
			},
			{
				"lengthInSteps": 16,
				"sectionNotes": [
					[
						71538.4615384616,
						0,
						0
					],
					[
						71692.3076923078,
						2,
						0
					],
					[
						71846.1538461539,
						3,
						0
					],
					[
						72000.0000000001,
						0,
						0
					],
					[
						72153.8461538462,
						2,
						0
					],
					[
						72307.6923076924,
						1,
						0
					],
					[
						72461.5384615386,
						0,
						0
					]
				],
				"mustHitSection": false
			},
			{
				"lengthInSteps": 16,
				"sectionNotes": [
					[
						73461.5384615386,
						2,
						0
					],
					[
						72923.076923077,
						3,
						0
					],
					[
						72615.3846153847,
						1,
						0
					],
					[
						73538.4615384616,
						0,
						384.615384615385
					]
				],
				"mustHitSection": false
			},
			{
				"lengthInSteps": 16,
				"sectionNotes": [
					[
						74000.0000000001,
						2,
						0
					],
					[
						74153.8461538463,
						3,
						0
					],
					[
						74307.6923076924,
						1,
						0
					],
					[
						74461.5384615386,
						2,
						0
					],
					[
						74615.3846153847,
						0,
						0
					],
					[
						74769.2307692309,
						1,
						0
					],
					[
						74923.076923077,
						3,
						0
					]
				],
				"mustHitSection": false
			},
			{
				"lengthInSteps": 16,
				"sectionNotes": [
					[
						75846.1538461539,
						1,
						0
					],
					[
						76000.0000000001,
						2,
						0
					],
					[
						76153.8461538463,
						3,
						0
					]
				],
				"mustHitSection": false
			},
			{
				"lengthInSteps": 16,
				"sectionNotes": [
					[
						76461.5384615386,
						1,
						0
					],
					[
						76615.3846153847,
						2,
						0
					],
					[
						76769.2307692309,
						2,
						0
					],
					[
						76923.076923077,
						0,
						0
					],
					[
						77076.9230769232,
						2,
						0
					],
					[
						77230.7692307693,
						3,
						0
					],
					[
						77384.6153846155,
						2,
						0
					]
				],
				"mustHitSection": false
			},
			{
				"lengthInSteps": 16,
				"sectionNotes": [
					[
						77538.4615384616,
						1,
						0
					],
					[
						77846.153846154,
						2,
						0
					],
					[
						78153.8461538463,
						1,
						0
					],
					[
						78307.6923076924,
						0,
						0
					],
					[
						78461.5384615386,
						1,
						0
					],
					[
						78615.3846153847,
						2,
						0
					]
				],
				"mustHitSection": false
			},
			{
				"lengthInSteps": 16,
				"sectionNotes": [
					[
						78769.2307692309,
						7,
						0
					],
					[
						79384.6153846155,
						1,
						461.538461538462
					]
				],
				"mustHitSection": true
			},
			{
				"sectionNotes": [
					[
						80000.0000000001,
						2,
						0
					],
					[
						80153.8461538463,
						3,
						0
					],
					[
						80230.7692307694,
						1,
						0
					],
					[
						80307.6923076924,
						0,
						0
					],
					[
						80846.153846154,
						3,
						0
					],
					[
						80461.5384615386,
						3,
						0
					],
					[
						80538.4615384616,
						1,
						0
					],
					[
						80615.3846153847,
						2,
						0
					],
					[
						80692.3076923078,
						0,
						0
					],
					[
						80769.2307692309,
						1,
						0
					],
					[
						80923.076923077,
						2,
						0
					],
					[
						81000.0000000001,
						0,
						0
					],
					[
						81076.9230769232,
						1,
						0
					],
					[
						81153.8461538463,
						3,
						0
					]
				],
				"typeOfSection": 0,
				"lengthInSteps": 16,
				"altAnim": false,
				"mustHitSection": true,
				"changeBPM": false,
				"bpm": 180
			},
			{
				"sectionNotes": [
					[
						81384.6153846155,
						1,
						0
					],
					[
						81538.4615384617,
						0,
						0
					],
					[
						81692.3076923078,
						2,
						0
					],
					[
						81846.153846154,
						1,
						0
					],
					[
						81230.7692307694,
						2,
						0
					],
					[
						82000.0000000001,
						2,
						0
					],
					[
						82076.9230769232,
						1,
						0
					],
					[
						82153.8461538463,
						3,
						0
					],
					[
						82230.7692307694,
						0,
						0
					],
					[
						82307.6923076924,
						1,
						0
					],
					[
						82384.6153846155,
						3,
						0
					]
				],
				"typeOfSection": 0,
				"lengthInSteps": 16,
				"altAnim": false,
				"mustHitSection": true,
				"changeBPM": false,
				"bpm": 195
			},
			{
				"sectionNotes": [
					[
						82692.3076923078,
						3,
						0
					],
					[
						82769.2307692309,
						1,
						0
					],
					[
						82615.3846153847,
						0,
						0
					],
					[
						82923.0769230771,
						0,
						0
					],
					[
						83000.0000000001,
						1,
						0
					],
					[
						83076.9230769232,
						3,
						0
					],
					[
						83153.8461538463,
						2,
						0
					],
					[
						83230.7692307694,
						1,
						0
					],
					[
						83307.6923076924,
						3,
						0
					],
					[
						83384.6153846155,
						2,
						0
					],
					[
						83461.5384615386,
						0,
						0
					],
					[
						83538.4615384617,
						1,
						0
					],
					[
						83615.3846153847,
						3,
						0
					],
					[
						82461.5384615386,
						2,
						0
					]
				],
				"typeOfSection": 0,
				"lengthInSteps": 16,
				"altAnim": false,
				"mustHitSection": true,
				"changeBPM": false,
				"bpm": 195
			},
			{
				"sectionNotes": [
					[
						83692.3076923078,
						1,
						0
					],
					[
						84307.6923076924,
						2,
						0
					],
					[
						84384.6153846155,
						1,
						0
					],
					[
						84461.5384615386,
						3,
						0
					],
					[
						84538.4615384617,
						0,
						0
					],
					[
						84615.3846153847,
						2,
						0
					],
					[
						84769.2307692309,
						1,
						0
					],
					[
						83846.153846154,
						2,
						0
					],
					[
						83923.0769230771,
						1,
						0
					],
					[
						84000.0000000001,
						3,
						0
					],
					[
						84076.9230769232,
						2,
						0
					],
					[
						84153.8461538463,
						1,
						0
					],
					[
						84230.7692307694,
						3,
						0
					]
				],
				"typeOfSection": 0,
				"lengthInSteps": 16,
				"altAnim": false,
				"mustHitSection": true,
				"changeBPM": false,
				"bpm": 195
			},
			{
				"sectionNotes": [
					[
						84923.0769230771,
						0,
						0
					],
					[
						85000.0000000001,
						1,
						0
					],
					[
						85076.9230769232,
						3,
						0
					],
					[
						85153.8461538463,
						0,
						0
					],
					[
						85230.7692307694,
						1,
						0
					],
					[
						85307.6923076924,
						3,
						0
					],
					[
						85384.6153846155,
						0,
						0
					],
					[
						85461.5384615386,
						1,
						0
					],
					[
						85538.4615384617,
						3,
						0
					],
					[
						85615.3846153847,
						2,
						0
					],
					[
						85692.3076923078,
						1,
						0
					],
					[
						85769.2307692309,
						3,
						0
					],
					[
						85846.153846154,
						2,
						0
					],
					[
						85923.0769230771,
						1,
						0
					],
					[
						86000.0000000001,
						3,
						0
					],
					[
						86076.9230769232,
						0,
						0
					]
				],
				"typeOfSection": 0,
				"lengthInSteps": 16,
				"altAnim": false,
				"mustHitSection": true,
				"changeBPM": false,
				"bpm": 195
			},
			{
				"sectionNotes": [
					[
						86153.8461538463,
						2,
						0
					],
					[
						86307.6923076924,
						1,
						0
					],
					[
						86461.5384615386,
						0,
						0
					],
					[
						86615.3846153848,
						1,
						0
					],
					[
						86769.2307692309,
						3,
						0
					],
					[
						86923.0769230771,
						1,
						0
					],
					[
						87076.9230769232,
						3,
						0
					],
					[
						87230.7692307694,
						0,
						0
					],
					[
						87307.6923076924,
						1,
						0
					]
				],
				"typeOfSection": 0,
				"lengthInSteps": 16,
				"altAnim": false,
				"mustHitSection": true,
				"changeBPM": false,
				"bpm": 195
			},
			{
				"sectionNotes": [
					[
						87384.6153846155,
						2,
						0
					],
					[
						87538.4615384617,
						3,
						0
					],
					[
						87615.3846153848,
						2,
						0
					],
					[
						87692.3076923078,
						0,
						0
					],
					[
						87846.153846154,
						3,
						0
					],
					[
						87923.0769230771,
						3,
						0
					],
					[
						88000.0000000001,
						1,
						0
					],
					[
						88307.6923076924,
						3,
						0
					],
					[
						88384.6153846155,
						0,
						0
					],
					[
						88538.4615384617,
						2,
						0
					],
					[
						88153.8461538463,
						0,
						0
					],
					[
						88230.7692307694,
						1,
						0
					],
					[
						88461.5384615386,
						1,
						0
					]
				],
				"typeOfSection": 0,
				"lengthInSteps": 16,
				"altAnim": false,
				"mustHitSection": true,
				"changeBPM": false,
				"bpm": 195
			},
			{
				"sectionNotes": [
					[
						88769.2307692309,
						2,
						0
					],
					[
						88923.0769230771,
						3,
						0
					],
					[
						89076.9230769232,
						1,
						0
					],
					[
						89230.7692307694,
						0,
						0
					],
					[
						89384.6153846155,
						1,
						0
					],
					[
						89538.4615384617,
						2,
						0
					],
					[
						89615.3846153848,
						0,
						0
					],
					[
						89692.3076923078,
						1,
						0
					],
					[
						89769.2307692309,
						3,
						0
					],
					[
						88615.3846153848,
						0,
						0
					]
				],
				"typeOfSection": 0,
				"lengthInSteps": 16,
				"altAnim": false,
				"mustHitSection": true,
				"changeBPM": false,
				"bpm": 195
			},
			{
				"sectionNotes": [
					[
						89846.153846154,
						6,
						153.846153846154
					],
					[
						89846.1538461539,
						2,
						0
					],
					[
						90000.0000000001,
						3,
						0
					],
					[
						90076.9230769232,
						1,
						0
					],
					[
						90153.8461538462,
						0,
						0
					],
					[
						90692.3076923078,
						3,
						0
					],
					[
						90307.6923076924,
						3,
						0
					],
					[
						90384.6153846155,
						1,
						0
					],
					[
						90461.5384615386,
						2,
						0
					],
					[
						90538.4615384616,
						0,
						0
					],
					[
						90615.3846153847,
						1,
						0
					],
					[
						90769.2307692309,
						2,
						0
					],
					[
						90846.153846154,
						0,
						0
					],
					[
						90923.076923077,
						1,
						0
					],
					[
						91000.0000000001,
						3,
						0
					]
				],
				"typeOfSection": 0,
				"lengthInSteps": 16,
				"altAnim": false,
				"mustHitSection": false,
				"changeBPM": false,
				"bpm": 195
			},
			{
				"sectionNotes": [
					[
						91230.7692307694,
						1,
						0
					],
					[
						91384.6153846156,
						0,
						0
					],
					[
						91538.4615384616,
						2,
						0
					],
					[
						91692.3076923078,
						1,
						0
					],
					[
						91076.9230769232,
						2,
						0
					],
					[
						91846.153846154,
						2,
						0
					],
					[
						91923.076923077,
						1,
						0
					],
					[
						92000.0000000001,
						3,
						0
					],
					[
						92076.9230769232,
						0,
						0
					],
					[
						92153.8461538463,
						1,
						0
					],
					[
						92230.7692307694,
						3,
						0
					]
				],
				"typeOfSection": 0,
				"lengthInSteps": 16,
				"altAnim": false,
				"mustHitSection": false,
				"changeBPM": false,
				"bpm": 195
			},
			{
				"sectionNotes": [
					[
						92538.4615384616,
						3,
						0
					],
					[
						92615.3846153847,
						1,
						0
					],
					[
						92461.5384615385,
						0,
						0
					],
					[
						92769.2307692309,
						0,
						0
					],
					[
						92846.1538461539,
						1,
						0
					],
					[
						92923.076923077,
						3,
						0
					],
					[
						93000.0000000001,
						2,
						0
					],
					[
						93076.9230769232,
						1,
						0
					],
					[
						93153.8461538462,
						3,
						0
					],
					[
						93230.7692307694,
						2,
						0
					],
					[
						93307.6923076924,
						0,
						0
					],
					[
						93384.6153846156,
						1,
						0
					],
					[
						93461.5384615385,
						3,
						0
					],
					[
						92307.6923076924,
						2,
						0
					]
				],
				"typeOfSection": 0,
				"lengthInSteps": 16,
				"altAnim": false,
				"mustHitSection": false,
				"changeBPM": false,
				"bpm": 195
			},
			{
				"sectionNotes": [
					[
						93538.4615384616,
						1,
						0
					],
					[
						94153.8461538462,
						2,
						0
					],
					[
						94230.7692307694,
						1,
						0
					],
					[
						94307.6923076924,
						3,
						0
					],
					[
						94384.6153846156,
						0,
						0
					],
					[
						94461.5384615385,
						2,
						0
					],
					[
						94615.3846153847,
						1,
						0
					],
					[
						93692.3076923078,
						2,
						0
					],
					[
						93769.2307692309,
						1,
						0
					],
					[
						93846.153846154,
						3,
						0
					],
					[
						93923.0769230771,
						2,
						0
					],
					[
						94000.0000000001,
						1,
						0
					],
					[
						94076.9230769232,
						3,
						0
					]
				],
				"typeOfSection": 0,
				"lengthInSteps": 16,
				"altAnim": false,
				"mustHitSection": false,
				"changeBPM": false,
				"bpm": 195
			},
			{
				"sectionNotes": [
					[
						94769.2307692309,
						0,
						0
					],
					[
						94846.1538461539,
						1,
						0
					],
					[
						94923.076923077,
						3,
						0
					],
					[
						95000.0000000001,
						0,
						0
					],
					[
						95076.9230769232,
						1,
						0
					],
					[
						95153.8461538462,
						3,
						0
					],
					[
						95230.7692307694,
						0,
						0
					],
					[
						95307.6923076924,
						1,
						0
					],
					[
						95384.6153846156,
						3,
						0
					],
					[
						95461.5384615385,
						2,
						0
					],
					[
						95538.4615384616,
						1,
						0
					],
					[
						95615.3846153847,
						3,
						0
					],
					[
						95692.3076923078,
						2,
						0
					],
					[
						95769.2307692309,
						1,
						0
					],
					[
						95846.1538461539,
						3,
						0
					],
					[
						95923.076923077,
						0,
						0
					]
				],
				"typeOfSection": 0,
				"lengthInSteps": 16,
				"altAnim": false,
				"mustHitSection": false,
				"changeBPM": false,
				"bpm": 195
			},
			{
				"sectionNotes": [
					[
						96000.0000000001,
						2,
						0
					],
					[
						96153.8461538462,
						1,
						0
					],
					[
						96307.6923076924,
						0,
						0
					],
					[
						96461.5384615386,
						1,
						0
					],
					[
						96615.3846153847,
						3,
						0
					],
					[
						96769.2307692309,
						1,
						0
					],
					[
						96923.076923077,
						3,
						0
					],
					[
						97076.9230769232,
						0,
						0
					],
					[
						97153.8461538462,
						1,
						0
					]
				],
				"typeOfSection": 0,
				"lengthInSteps": 16,
				"altAnim": false,
				"mustHitSection": false,
				"changeBPM": false,
				"bpm": 195
			},
			{
				"sectionNotes": [
					[
						97230.7692307694,
						2,
						0
					],
					[
						97384.6153846156,
						3,
						0
					],
					[
						97461.5384615386,
						2,
						0
					],
					[
						97538.4615384616,
						0,
						0
					],
					[
						97692.3076923078,
						3,
						0
					],
					[
						97769.2307692309,
						3,
						0
					],
					[
						97846.1538461539,
						1,
						0
					],
					[
						98153.8461538462,
						3,
						0
					],
					[
						98230.7692307694,
						0,
						0
					],
					[
						98384.6153846156,
						2,
						0
					],
					[
						98000.0000000001,
						0,
						0
					],
					[
						98076.9230769232,
						1,
						0
					],
					[
						98307.6923076924,
						1,
						0
					]
				],
				"typeOfSection": 0,
				"lengthInSteps": 16,
				"altAnim": false,
				"mustHitSection": false,
				"changeBPM": false,
				"bpm": 195
			},
			{
				"sectionNotes": [
					[
						98615.3846153847,
						2,
						0
					],
					[
						98769.2307692309,
						3,
						0
					],
					[
						98923.076923077,
						1,
						0
					],
					[
						99076.9230769232,
						0,
						0
					],
					[
						99230.7692307694,
						1,
						0
					],
					[
						99384.6153846156,
						2,
						0
					],
					[
						99461.5384615386,
						0,
						0
					],
					[
						99538.4615384616,
						1,
						0
					],
					[
						99615.3846153847,
						3,
						0
					],
					[
						98461.5384615386,
						0,
						0
					]
				],
				"typeOfSection": 0,
				"lengthInSteps": 16,
				"altAnim": false,
				"mustHitSection": false,
				"changeBPM": false,
				"bpm": 195
			},
			{
				"sectionNotes": [
					[
						99692.3076923079,
						5,
						153.846153846154
					],
					[
						99692.3076923079,
						0,
						153.846153846154
					],
					[
						100000,
						0,
						0
					],
					[
						100153.846153846,
						2,
						153.846153846154
					],
					[
						100461.538461539,
						3,
						0
					],
					[
						100538.461538462,
						3,
						0
					],
					[
						100615.384615385,
						2,
						0
					],
					[
						100769.230769231,
						1,
						0
					]
				],
				"typeOfSection": 0,
				"lengthInSteps": 16,
				"altAnim": false,
				"mustHitSection": true,
				"changeBPM": false,
				"bpm": 195
			},
			{
				"sectionNotes": [
					[
						100923.076923077,
						2,
						0
					],
					[
						101076.923076923,
						0,
						0
					],
					[
						101230.769230769,
						2,
						0
					],
					[
						101384.615384616,
						3,
						0
					],
					[
						101538.461538462,
						3,
						0
					],
					[
						101692.307692308,
						2,
						0
					],
					[
						101846.153846154,
						1,
						0
					],
					[
						102000,
						3,
						0
					]
				],
				"typeOfSection": 0,
				"lengthInSteps": 16,
				"altAnim": false,
				"mustHitSection": true,
				"changeBPM": false,
				"bpm": 195
			},
			{
				"sectionNotes": [
					[
						102153.846153846,
						0,
						153.846153846154
					],
					[
						102461.538461539,
						0,
						0
					],
					[
						102615.384615385,
						2,
						0
					],
					[
						102923.076923077,
						2,
						0
					],
					[
						102769.230769231,
						0,
						0
					],
					[
						102846.153846154,
						3,
						0
					],
					[
						103076.923076923,
						0,
						0
					],
					[
						103230.769230769,
						1,
						0
					]
				],
				"typeOfSection": 0,
				"lengthInSteps": 16,
				"altAnim": false,
				"mustHitSection": true,
				"changeBPM": false,
				"bpm": 195
			},
			{
				"sectionNotes": [
					[
						103384.615384616,
						3,
						0
					],
					[
						103538.461538462,
						2,
						0
					],
					[
						103692.307692308,
						3,
						0
					],
					[
						103846.153846154,
						0,
						0
					],
					[
						103923.076923077,
						3,
						0
					],
					[
						104000,
						0,
						0
					],
					[
						104153.846153846,
						2,
						0
					],
					[
						104307.692307692,
						3,
						0
					],
					[
						104461.538461539,
						1,
						0
					]
				],
				"typeOfSection": 0,
				"lengthInSteps": 16,
				"altAnim": false,
				"mustHitSection": true,
				"changeBPM": false,
				"bpm": 195
			},
			{
				"sectionNotes": [
					[
						104615.384615385,
						4,
						461.538461538462
					],
					[
						104615.384615385,
						0,
						153.846153846154
					],
					[
						104923.076923077,
						0,
						0
					],
					[
						105076.923076923,
						2,
						153.846153846154
					],
					[
						105384.615384616,
						3,
						0
					],
					[
						105461.538461539,
						3,
						0
					],
					[
						105538.461538462,
						2,
						0
					],
					[
						105692.307692308,
						1,
						0
					]
				],
				"typeOfSection": 0,
				"lengthInSteps": 16,
				"altAnim": false,
				"mustHitSection": false,
				"changeBPM": false,
				"bpm": 195
			},
			{
				"sectionNotes": [
					[
						105846.153846154,
						2,
						0
					],
					[
						106000,
						0,
						0
					],
					[
						106153.846153846,
						2,
						0
					],
					[
						106307.692307692,
						3,
						0
					],
					[
						106461.538461539,
						3,
						0
					],
					[
						106615.384615385,
						2,
						0
					],
					[
						106769.230769231,
						1,
						0
					],
					[
						106923.076923077,
						3,
						0
					]
				],
				"typeOfSection": 0,
				"lengthInSteps": 16,
				"altAnim": false,
				"mustHitSection": false,
				"changeBPM": false,
				"bpm": 195
			},
			{
				"sectionNotes": [
					[
						107076.923076923,
						0,
						153.846153846154
					],
					[
						107384.615384616,
						0,
						0
					],
					[
						107538.461538462,
						2,
						0
					],
					[
						107846.153846154,
						2,
						0
					],
					[
						107692.307692308,
						0,
						0
					],
					[
						107769.230769231,
						3,
						0
					],
					[
						108000,
						0,
						0
					],
					[
						108153.846153846,
						1,
						0
					]
				],
				"typeOfSection": 0,
				"lengthInSteps": 16,
				"altAnim": false,
				"mustHitSection": false,
				"changeBPM": false,
				"bpm": 195
			},
			{
				"sectionNotes": [
					[
						108307.692307692,
						3,
						0
					],
					[
						108461.538461539,
						2,
						0
					],
					[
						108615.384615385,
						3,
						0
					],
					[
						108769.230769231,
						0,
						0
					],
					[
						108846.153846154,
						3,
						0
					],
					[
						108923.076923077,
						0,
						0
					],
					[
						109076.923076923,
						2,
						0
					],
					[
						109230.769230769,
						3,
						0
					],
					[
						109384.615384616,
						1,
						0
					]
				],
				"typeOfSection": 0,
				"lengthInSteps": 16,
				"altAnim": false,
				"mustHitSection": false,
				"changeBPM": false,
				"bpm": 195
			},
			{
				"sectionNotes": [
					[
						109538.461538462,
						3,
						769.230769230769
					],
					[
						110461.538461539,
						0,
						769.230769230769
					],
					[
						109538.461538462,
						4,
						461.538461538462
					]
				],
				"typeOfSection": 0,
				"lengthInSteps": 16,
				"altAnim": false,
				"mustHitSection": true,
				"changeBPM": false,
				"bpm": 195
			},
			{
				"sectionNotes": [
					[
						111384.615384616,
						2,
						0
					],
					[
						111538.461538462,
						1,
						0
					],
					[
						111692.307692308,
						0,
						0
					],
					[
						111846.153846154,
						3,
						923.076923076923
					]
				],
				"typeOfSection": 0,
				"lengthInSteps": 16,
				"altAnim": false,
				"mustHitSection": true,
				"changeBPM": false,
				"bpm": 195
			},
			{
				"sectionNotes": [
					[
						112923.076923077,
						2,
						307.692307692308
					]
				],
				"typeOfSection": 0,
				"lengthInSteps": 16,
				"altAnim": false,
				"mustHitSection": true,
				"changeBPM": false,
				"bpm": 195
			},
			{
				"sectionNotes": [
					[
						113384.615384616,
						3,
						0
					],
					[
						113538.461538462,
						3,
						0
					],
					[
						113846.153846154,
						3,
						0
					],
					[
						114000,
						2,
						0
					],
					[
						113692.307692308,
						0,
						0
					],
					[
						114153.846153846,
						0,
						0
					],
					[
						114307.692307693,
						1,
						0
					]
				],
				"typeOfSection": 0,
				"lengthInSteps": 16,
				"altAnim": false,
				"mustHitSection": true,
				"changeBPM": false,
				"bpm": 195
			},
			{
				"sectionNotes": [
					[
						114461.538461539,
						6,
						0
					],
					[
						114615.384615385,
						7,
						0
					],
					[
						114769.230769231,
						4,
						0
					],
					[
						114923.076923077,
						6,
						0
					],
					[
						115076.923076923,
						7,
						0
					],
					[
						115230.769230769,
						4,
						0
					],
					[
						115384.615384616,
						6,
						0
					],
					[
						115461.538461539,
						7,
						0
					],
					[
						115538.461538462,
						6,
						0
					],
					[
						115615.384615385,
						5,
						0
					],
					[
						114461.538461539,
						2,
						0
					],
					[
						114615.384615385,
						0,
						0
					],
					[
						114769.230769231,
						3,
						0
					],
					[
						114923.076923077,
						2,
						0
					],
					[
						115076.923076923,
						0,
						0
					],
					[
						115230.769230769,
						3,
						0
					],
					[
						115384.615384616,
						2,
						0
					],
					[
						115461.538461539,
						0,
						0
					],
					[
						115538.461538462,
						2,
						0
					],
					[
						115615.384615385,
						1,
						0
					]
				],
				"typeOfSection": 0,
				"lengthInSteps": 16,
				"altAnim": false,
				"mustHitSection": false,
				"changeBPM": false,
				"bpm": 195
			},
			{
				"sectionNotes": [
					[
						115692.307692308,
						6,
						0
					],
					[
						115846.153846154,
						7,
						0
					],
					[
						116000,
						4,
						0
					],
					[
						116153.846153846,
						6,
						0
					],
					[
						116307.692307693,
						4,
						0
					],
					[
						116384.615384616,
						5,
						0
					],
					[
						116461.538461539,
						7,
						0
					],
					[
						116538.461538462,
						4,
						0
					],
					[
						116615.384615385,
						5,
						0
					],
					[
						116692.307692308,
						7,
						0
					],
					[
						116769.230769231,
						4,
						0
					],
					[
						116846.153846154,
						5,
						0
					],
					[
						115692.307692308,
						2,
						0
					],
					[
						115846.153846154,
						0,
						0
					],
					[
						116000,
						3,
						0
					],
					[
						116153.846153846,
						2,
						0
					],
					[
						116307.692307693,
						3,
						0
					],
					[
						116384.615384616,
						1,
						0
					],
					[
						116461.538461539,
						0,
						0
					],
					[
						116538.461538462,
						3,
						0
					],
					[
						116615.384615385,
						1,
						0
					],
					[
						116692.307692308,
						0,
						0
					],
					[
						116769.230769231,
						3,
						0
					],
					[
						116846.153846154,
						1,
						0
					]
				],
				"typeOfSection": 0,
				"lengthInSteps": 16,
				"altAnim": false,
				"mustHitSection": false,
				"changeBPM": false,
				"bpm": 195
			},
			{
				"sectionNotes": [
					[
						116923.076923077,
						2,
						0
					],
					[
						117076.923076923,
						3,
						0
					],
					[
						117153.846153846,
						3,
						0
					],
					[
						117846.153846154,
						3,
						0
					],
					[
						118000,
						0,
						0
					],
					[
						117461.538461539,
						1,
						0
					],
					[
						116923.076923077,
						6,
						0
					],
					[
						117076.923076923,
						4,
						0
					],
					[
						117153.846153846,
						4,
						0
					],
					[
						117461.538461539,
						5,
						0
					],
					[
						117615.384615385,
						2,
						0
					],
					[
						117692.307692308,
						1,
						0
					],
					[
						117615.384615385,
						6,
						0
					],
					[
						117692.307692308,
						5,
						0
					],
					[
						117230.769230769,
						1,
						0
					],
					[
						117384.615384616,
						0,
						0
					],
					[
						117538.461538462,
						3,
						0
					],
					[
						117384.615384616,
						7,
						0
					],
					[
						117538.461538462,
						4,
						0
					],
					[
						117230.769230769,
						5,
						0
					],
					[
						117846.153846154,
						4,
						0
					],
					[
						118000,
						7,
						0
					]
				],
				"typeOfSection": 0,
				"lengthInSteps": 16,
				"altAnim": false,
				"mustHitSection": true,
				"changeBPM": false,
				"bpm": 195
			},
			{
				"sectionNotes": [
					[
						119307.692307693,
						1,
						0
					],
					[
						118153.846153846,
						1,
						0
					],
					[
						118307.692307693,
						0,
						0
					],
					[
						118384.615384616,
						1,
						0
					],
					[
						118461.538461539,
						2,
						0
					],
					[
						118615.384615385,
						3,
						0
					],
					[
						118692.307692308,
						0,
						0
					],
					[
						118769.230769231,
						1,
						0
					],
					[
						118846.153846154,
						3,
						0
					],
					[
						118923.076923077,
						2,
						0
					],
					[
						119000,
						0,
						0
					],
					[
						119076.923076923,
						3,
						0
					],
					[
						119153.846153846,
						0,
						0
					],
					[
						119230.769230769,
						2,
						0
					],
					[
						118153.846153846,
						5,
						0
					],
					[
						118307.692307693,
						7,
						0
					],
					[
						118384.615384616,
						5,
						0
					],
					[
						118461.538461539,
						6,
						0
					],
					[
						118615.384615385,
						4,
						0
					],
					[
						118692.307692308,
						7,
						0
					],
					[
						118769.230769231,
						5,
						0
					],
					[
						118846.153846154,
						4,
						0
					],
					[
						118923.076923077,
						6,
						0
					],
					[
						119000,
						7,
						0
					],
					[
						119076.923076923,
						4,
						0
					],
					[
						119153.846153846,
						7,
						0
					],
					[
						119230.769230769,
						5,
						0
					],
					[
						119307.692307693,
						6,
						0,
						"No Animation"
					]
				],
				"typeOfSection": 0,
				"lengthInSteps": 16,
				"altAnim": false,
				"mustHitSection": true,
				"changeBPM": false,
				"bpm": 195
			},
			{
				"sectionNotes": [],
				"typeOfSection": 0,
				"lengthInSteps": 16,
				"altAnim": false,
				"mustHitSection": false,
				"changeBPM": false,
				"bpm": 195
			},
			{
				"sectionNotes": [],
				"typeOfSection": 0,
				"lengthInSteps": 16,
				"altAnim": false,
				"mustHitSection": false,
				"changeBPM": false,
				"bpm": 195
			},
			{
				"sectionNotes": [],
				"typeOfSection": 0,
				"lengthInSteps": 16,
				"altAnim": false,
				"mustHitSection": false,
				"changeBPM": false,
				"bpm": 195
			},
			{
				"sectionNotes": [],
				"typeOfSection": 0,
				"lengthInSteps": 16,
				"altAnim": false,
				"mustHitSection": false,
				"changeBPM": false,
				"bpm": 195
			},
			{
				"sectionNotes": [],
				"typeOfSection": 0,
				"lengthInSteps": 16,
				"altAnim": false,
				"mustHitSection": false,
				"changeBPM": false,
				"bpm": 195
			},
			{
				"sectionNotes": [],
				"typeOfSection": 0,
				"lengthInSteps": 16,
				"altAnim": false,
				"mustHitSection": false,
				"changeBPM": false,
				"bpm": 195
			},
			{
				"sectionNotes": [],
				"typeOfSection": 0,
				"lengthInSteps": 16,
				"altAnim": false,
				"mustHitSection": false,
				"changeBPM": false,
				"bpm": 195
			},
			{
				"sectionNotes": [],
				"typeOfSection": 0,
				"lengthInSteps": 16,
				"altAnim": false,
				"mustHitSection": false,
				"changeBPM": false,
				"bpm": 195
			},
			{
				"sectionNotes": [],
				"typeOfSection": 0,
				"lengthInSteps": 16,
				"altAnim": false,
				"mustHitSection": false,
				"changeBPM": false,
				"bpm": 195
			},
			{
				"sectionNotes": [],
				"typeOfSection": 0,
				"lengthInSteps": 16,
				"altAnim": false,
				"mustHitSection": true,
				"changeBPM": false,
				"bpm": 195
			},
			{
				"sectionNotes": [],
				"typeOfSection": 0,
				"lengthInSteps": 16,
				"altAnim": false,
				"mustHitSection": true,
				"changeBPM": false,
				"bpm": 195
			},
			{
				"sectionNotes": [],
				"typeOfSection": 0,
				"lengthInSteps": 16,
				"altAnim": false,
				"mustHitSection": true,
				"changeBPM": false,
				"bpm": 195
			},
			{
				"sectionNotes": [],
				"typeOfSection": 0,
				"lengthInSteps": 16,
				"altAnim": false,
				"mustHitSection": true,
				"changeBPM": false,
				"bpm": 195
			},
			{
				"sectionNotes": [],
				"typeOfSection": 0,
				"lengthInSteps": 16,
				"altAnim": false,
				"mustHitSection": true,
				"changeBPM": false,
				"bpm": 195
			},
			{
				"sectionNotes": [],
				"typeOfSection": 0,
				"lengthInSteps": 16,
				"altAnim": false,
				"mustHitSection": true,
				"changeBPM": false,
				"bpm": 195
			},
			{
				"sectionNotes": [],
				"typeOfSection": 0,
				"lengthInSteps": 16,
				"altAnim": false,
				"mustHitSection": true,
				"changeBPM": false,
				"bpm": 195
			},
			{
				"lengthInSteps": 16,
				"typeOfSection": 0,
				"sectionNotes": [],
				"altAnim": false,
				"bpm": 195,
				"changeBPM": false,
				"mustHitSection": true
			},
			{
				"sectionNotes": [],
				"typeOfSection": 0,
				"lengthInSteps": 16,
				"altAnim": false,
				"mustHitSection": true,
				"changeBPM": false,
				"bpm": 195
			},
			{
				"sectionNotes": [],
				"typeOfSection": 0,
				"lengthInSteps": 16,
				"altAnim": false,
				"mustHitSection": true,
				"changeBPM": false,
				"bpm": 195
			},
			{
				"sectionNotes": [],
				"typeOfSection": 0,
				"lengthInSteps": 16,
				"altAnim": false,
				"mustHitSection": true,
				"changeBPM": false,
				"bpm": 195
			},
			{
				"sectionNotes": [],
				"typeOfSection": 0,
				"lengthInSteps": 16,
				"altAnim": false,
				"mustHitSection": true,
				"changeBPM": false,
				"bpm": 195
			},
			{
				"sectionNotes": [],
				"typeOfSection": 0,
				"lengthInSteps": 16,
				"altAnim": false,
				"mustHitSection": true,
				"changeBPM": false,
				"bpm": 195
			},
			{
				"sectionNotes": [],
				"typeOfSection": 0,
				"lengthInSteps": 16,
				"altAnim": false,
				"mustHitSection": true,
				"changeBPM": false,
				"bpm": 195
			},
			{
				"sectionNotes": [],
				"typeOfSection": 0,
				"lengthInSteps": 16,
				"altAnim": false,
				"mustHitSection": true,
				"changeBPM": false,
				"bpm": 195
			},
			{
				"sectionNotes": [],
				"typeOfSection": 0,
				"lengthInSteps": 16,
				"altAnim": false,
				"mustHitSection": true,
				"changeBPM": false,
				"bpm": 195
			},
			{
				"sectionNotes": [],
				"typeOfSection": 0,
				"lengthInSteps": 16,
				"altAnim": false,
				"mustHitSection": true,
				"changeBPM": false,
				"bpm": 195
			},
			{
				"sectionNotes": [],
				"typeOfSection": 0,
				"lengthInSteps": 16,
				"altAnim": false,
				"mustHitSection": true,
				"changeBPM": false,
				"bpm": 195
			},
			{
				"sectionNotes": [],
				"typeOfSection": 0,
				"lengthInSteps": 16,
				"altAnim": false,
				"mustHitSection": true,
				"changeBPM": false,
				"bpm": 195
			},
			{
				"sectionNotes": [],
				"typeOfSection": 0,
				"lengthInSteps": 16,
				"altAnim": false,
				"mustHitSection": true,
				"changeBPM": false,
				"bpm": 195
			},
			{
				"sectionNotes": [],
				"typeOfSection": 0,
				"lengthInSteps": 16,
				"altAnim": false,
				"mustHitSection": true,
				"changeBPM": false,
				"bpm": 195
			},
			{
				"sectionNotes": [],
				"typeOfSection": 0,
				"lengthInSteps": 16,
				"altAnim": false,
				"mustHitSection": true,
				"changeBPM": false,
				"bpm": 195
			},
			{
				"sectionNotes": [],
				"typeOfSection": 0,
				"lengthInSteps": 16,
				"altAnim": false,
				"mustHitSection": true,
				"changeBPM": false,
				"bpm": 195
			},
			{
				"lengthInSteps": 16,
				"typeOfSection": 0,
				"sectionNotes": [],
				"altAnim": false,
				"bpm": 195,
				"changeBPM": false,
				"mustHitSection": true
			},
			{
				"lengthInSteps": 16,
				"typeOfSection": 0,
				"sectionNotes": [],
				"altAnim": false,
				"bpm": 195,
				"changeBPM": false,
				"mustHitSection": true
			},
			{
				"sectionNotes": [],
				"typeOfSection": 0,
				"lengthInSteps": 16,
				"altAnim": false,
				"mustHitSection": true,
				"changeBPM": false,
				"bpm": 195
			},
			{
				"sectionNotes": [],
				"typeOfSection": 0,
				"lengthInSteps": 16,
				"altAnim": false,
				"mustHitSection": true,
				"changeBPM": false,
				"bpm": 195
			},
			{
				"sectionNotes": [],
				"typeOfSection": 0,
				"lengthInSteps": 16,
				"altAnim": false,
				"mustHitSection": true,
				"changeBPM": false,
				"bpm": 195
			},
			{
				"sectionNotes": [],
				"typeOfSection": 0,
				"lengthInSteps": 16,
				"altAnim": false,
				"mustHitSection": true,
				"changeBPM": false,
				"bpm": 195
			},
			{
				"sectionNotes": [],
				"typeOfSection": 0,
				"lengthInSteps": 16,
				"altAnim": false,
				"mustHitSection": true,
				"changeBPM": false,
				"bpm": 195
			},
			{
				"sectionNotes": [],
				"typeOfSection": 0,
				"lengthInSteps": 16,
				"altAnim": false,
				"mustHitSection": true,
				"changeBPM": false,
				"bpm": 195
			},
			{
				"sectionNotes": [],
				"typeOfSection": 0,
				"lengthInSteps": 16,
				"altAnim": false,
				"mustHitSection": true,
				"changeBPM": false,
				"bpm": 195
			},
			{
				"sectionNotes": [],
				"typeOfSection": 0,
				"lengthInSteps": 16,
				"altAnim": false,
				"mustHitSection": true,
				"changeBPM": false,
				"bpm": 195
			},
			{
				"sectionNotes": [],
				"typeOfSection": 0,
				"lengthInSteps": 16,
				"altAnim": false,
				"mustHitSection": true,
				"changeBPM": false,
				"bpm": 195
			},
			{
				"lengthInSteps": 16,
				"typeOfSection": 0,
				"sectionNotes": [],
				"altAnim": false,
				"bpm": 195,
				"changeBPM": false,
				"mustHitSection": true
			},
			{
				"lengthInSteps": 16,
				"typeOfSection": 0,
				"sectionNotes": [],
				"altAnim": false,
				"bpm": 195,
				"changeBPM": false,
				"mustHitSection": true
			},
			{
				"lengthInSteps": 16,
				"typeOfSection": 0,
				"sectionNotes": [],
				"altAnim": false,
				"bpm": 195,
				"changeBPM": false,
				"mustHitSection": true
			},
			{
				"lengthInSteps": 16,
				"typeOfSection": 0,
				"sectionNotes": [],
				"altAnim": false,
				"bpm": 195,
				"changeBPM": false,
				"mustHitSection": true
			},
			{
				"lengthInSteps": 16,
				"typeOfSection": 0,
				"sectionNotes": [],
				"altAnim": false,
				"bpm": 195,
				"changeBPM": false,
				"mustHitSection": true
			},
			{
				"lengthInSteps": 16,
				"typeOfSection": 0,
				"sectionNotes": [],
				"altAnim": false,
				"bpm": 195,
				"changeBPM": false,
				"mustHitSection": true
			},
			{
				"lengthInSteps": 16,
				"typeOfSection": 0,
				"sectionNotes": [],
				"altAnim": false,
				"bpm": 195,
				"changeBPM": false,
				"mustHitSection": true
			},
			{
				"lengthInSteps": 16,
				"typeOfSection": 0,
				"sectionNotes": [],
				"altAnim": false,
				"bpm": 195,
				"changeBPM": false,
				"mustHitSection": true
			},
			{
				"lengthInSteps": 16,
				"typeOfSection": 0,
				"sectionNotes": [],
				"altAnim": false,
				"bpm": 195,
				"changeBPM": false,
				"mustHitSection": true
			},
			{
				"lengthInSteps": 16,
				"typeOfSection": 0,
				"sectionNotes": [],
				"altAnim": false,
				"bpm": 195,
				"changeBPM": false,
				"mustHitSection": true
			},
			{
				"lengthInSteps": 16,
				"typeOfSection": 0,
				"sectionNotes": [],
				"altAnim": false,
				"bpm": 195,
				"changeBPM": false,
				"mustHitSection": true
			},
			{
				"sectionNotes": [],
				"typeOfSection": 0,
				"lengthInSteps": 16,
				"altAnim": false,
				"mustHitSection": true,
				"changeBPM": false,
				"bpm": 195
			},
			{
				"sectionNotes": [],
				"typeOfSection": 0,
				"lengthInSteps": 16,
				"altAnim": false,
				"mustHitSection": true,
				"changeBPM": false,
				"bpm": 195
			},
			{
				"sectionNotes": [],
				"typeOfSection": 0,
				"lengthInSteps": 16,
				"altAnim": false,
				"mustHitSection": true,
				"changeBPM": false,
				"bpm": 195
			},
			{
				"sectionNotes": [],
				"typeOfSection": 0,
				"lengthInSteps": 16,
				"altAnim": false,
				"mustHitSection": true,
				"changeBPM": false,
				"bpm": 195
			},
			{
				"sectionNotes": [],
				"typeOfSection": 0,
				"lengthInSteps": 16,
				"altAnim": false,
				"mustHitSection": true,
				"changeBPM": false,
				"bpm": 195
			},
			{
				"sectionNotes": [],
				"typeOfSection": 0,
				"lengthInSteps": 16,
				"altAnim": false,
				"mustHitSection": true,
				"changeBPM": false,
				"bpm": 195
			},
			{
				"lengthInSteps": 16,
				"typeOfSection": 0,
				"sectionNotes": [],
				"altAnim": false,
				"bpm": 195,
				"changeBPM": false,
				"mustHitSection": true
			},
			{
				"lengthInSteps": 16,
				"typeOfSection": 0,
				"sectionNotes": [],
				"altAnim": false,
				"bpm": 195,
				"changeBPM": false,
				"mustHitSection": true
			},
			{
				"lengthInSteps": 16,
				"typeOfSection": 0,
				"sectionNotes": [],
				"altAnim": false,
				"bpm": 195,
				"changeBPM": false,
				"mustHitSection": true
			},
			{
				"lengthInSteps": 16,
				"typeOfSection": 0,
				"sectionNotes": [],
				"altAnim": false,
				"bpm": 195,
				"changeBPM": false,
				"mustHitSection": true
			},
			{
				"sectionNotes": [],
				"typeOfSection": 0,
				"lengthInSteps": 16,
				"altAnim": false,
				"mustHitSection": true,
				"changeBPM": false,
				"bpm": 195
			},
			{
				"lengthInSteps": 16,
				"typeOfSection": 0,
				"sectionNotes": [],
				"altAnim": false,
				"bpm": 195,
				"changeBPM": false,
				"mustHitSection": true
			},
			{
				"sectionNotes": [],
				"typeOfSection": 0,
				"lengthInSteps": 16,
				"altAnim": false,
				"mustHitSection": true,
				"changeBPM": false,
				"bpm": 195
			},
			{
				"lengthInSteps": 16,
				"typeOfSection": 0,
				"sectionNotes": [],
				"altAnim": false,
				"bpm": 195,
				"changeBPM": false,
				"mustHitSection": true
			},
			{
				"sectionNotes": [],
				"typeOfSection": 0,
				"lengthInSteps": 16,
				"altAnim": false,
				"mustHitSection": true,
				"changeBPM": false,
				"bpm": 195
			},
			{
				"sectionNotes": [],
				"typeOfSection": 0,
				"lengthInSteps": 16,
				"altAnim": false,
				"mustHitSection": true,
				"changeBPM": false,
				"bpm": 195
			},
			{
				"lengthInSteps": 16,
				"altAnim": false,
				"typeOfSection": 0,
				"sectionNotes": [],
				"bpm": 195,
				"changeBPM": false,
				"mustHitSection": true
			},
			{
				"lengthInSteps": 16,
				"altAnim": false,
				"typeOfSection": 0,
				"sectionNotes": [],
				"bpm": 195,
				"changeBPM": false,
				"mustHitSection": true
			}
		],
		"player3": "gf",
		"song": "You-Can't",
		"stage": "aftonKill",
		"needsVoices": true,
		"validScore": true,
		"speed": 3,
		"bpm": 195
	}
}