{
	"arrowColors": null,
	"camOffset": {
		"x": 0,
		"y": 0
	},
	"globalOffset": {
		"x": 130,
		"y": 530
	},
	"healthbarColor": "#D4D4D4",
	"flipX": true,
	"anims": [
		{
			"indices": null,
			"x": 0,
			"y": 0,
			"anim": "MissRight",
			"loop": false,
			"name": "singRIGHTmiss",
			"framerate": 24
		},
		{
			"indices": null,
			"x": 0,
			"y": 0,
			"anim": "Down",
			"loop": false,
			"name": "singDOWN",
			"framerate": 24
		},
		{
			"indices": null,
			"x": 0,
			"y": 0,
			"anim": "MissLeft",
			"loop": false,
			"name": "singLEFTmiss",
			"framerate": 24
		},
		{
			"indices": null,
			"x": 0,
			"y": 0,
			"anim": "Up",
			"loop": false,
			"name": "singUP",
			"framerate": 24
		},
		{
			"indices": null,
			"x": 0,
			"y": 0,
			"anim": "Idle",
			"loop": false,
			"name": "idle",
			"framerate": 24
		},
		{
			"indices": null,
			"x": 0,
			"y": 0,
			"anim": "Down",
			"loop": false,
			"name": "singDOWNmiss",
			"framerate": 24
		},
		{
			"indices": null,
			"x": 0,
			"y": 0,
			"anim": "Right",
			"loop": false,
			"name": "singRIGHT",
			"framerate": 24
		},
		{
			"indices": null,
			"x": 0,
			"y": 0,
			"anim": "Left",
			"loop": false,
			"name": "singLEFT",
			"framerate": 24
		},
		{
			"indices": null,
			"x": 0,
			"y": 0,
			"anim": "MissUp",
			"loop": false,
			"name": "singUPmiss",
			"framerate": 24
		}
	],
	"danceSteps": [
		"idle"
	],
	"antialiasing": false,
	"healthIconSteps": [
		[
			20,
			0
		],
		[
			0,
			1
		]
	],
	"scale": 2.5
}