<?xml version='1.0' encoding='utf-8'?>
<TextureAtlas imagePath="suited afton panic.png">

<SubTexture name="suited afton panic uh oh0000" x="0" y="0" width="324" height="330" frameX="0" frameY="0" frameWidth="324" frameHeight="330" />
<SubTexture name="suited afton panic uh oh0001" x="324" y="0" width="324" height="330" frameX="0" frameY="0" frameWidth="324" frameHeight="330" />
<SubTexture name="suited afton panic uh oh0002" x="648" y="0" width="324" height="330" frameX="0" frameY="0" frameWidth="324" frameHeight="330" />
<SubTexture name="suited afton panic uh oh0003" x="972" y="0" width="324" height="330" frameX="0" frameY="0" frameWidth="324" frameHeight="330" />
<SubTexture name="suited afton panic uh oh0004" x="0" y="330" width="324" height="330" frameX="0" frameY="0" frameWidth="324" frameHeight="330" />
<SubTexture name="suited afton panic uh oh0005" x="324" y="330" width="324" height="330" frameX="0" frameY="0" frameWidth="324" frameHeight="330" />
<SubTexture name="suited afton panic left0000" x="648" y="330" width="324" height="330" frameX="0" frameY="0" frameWidth="324" frameHeight="330" />
<SubTexture name="suited afton panic left0001" x="972" y="330" width="324" height="330" frameX="0" frameY="0" frameWidth="324" frameHeight="330" />
<SubTexture name="suited afton panic right0000" x="0" y="660" width="324" height="330" frameX="0" frameY="0" frameWidth="324" frameHeight="330" />
<SubTexture name="suited afton panic right0001" x="324" y="660" width="324" height="330" frameX="0" frameY="0" frameWidth="324" frameHeight="330" />
<SubTexture name="suited afton panic up0000" x="648" y="660" width="324" height="330" frameX="0" frameY="0" frameWidth="324" frameHeight="330" />
<SubTexture name="suited afton panic up0001" x="972" y="660" width="324" height="330" frameX="0" frameY="0" frameWidth="324" frameHeight="330" />
<SubTexture name="suited afton panic down0000" x="0" y="990" width="324" height="330" frameX="0" frameY="0" frameWidth="324" frameHeight="330" />
<SubTexture name="suited afton panic down0001" x="324" y="990" width="324" height="330" frameX="0" frameY="0" frameWidth="324" frameHeight="330" />
<SubTexture name="suited afton panic drop0000" x="648" y="990" width="324" height="330" frameX="0" frameY="0" frameWidth="324" frameHeight="330" />
<SubTexture name="suited afton panic drop0001" x="972" y="990" width="324" height="330" frameX="0" frameY="0" frameWidth="324" frameHeight="330" />
<SubTexture name="suited afton panic drop0002" x="0" y="1320" width="324" height="330" frameX="0" frameY="0" frameWidth="324" frameHeight="330" />
<SubTexture name="suited afton panic drop0003" x="324" y="1320" width="324" height="330" frameX="0" frameY="0" frameWidth="324" frameHeight="330" />
<SubTexture name="suited afton panic drop0004" x="648" y="1320" width="324" height="330" frameX="0" frameY="0" frameWidth="324" frameHeight="330" />
<SubTexture name="suited afton panic drop0005" x="972" y="1320" width="324" height="330" frameX="0" frameY="0" frameWidth="324" frameHeight="330" />
<SubTexture name="suited afton panic drop0006" x="0" y="1650" width="324" height="330" frameX="0" frameY="0" frameWidth="324" frameHeight="330" />
<SubTexture name="suited afton panic drop0007" x="324" y="1650" width="324" height="330" frameX="0" frameY="0" frameWidth="324" frameHeight="330" />
<SubTexture name="suited afton panic death one0000" x="648" y="1650" width="324" height="330" frameX="0" frameY="0" frameWidth="324" frameHeight="330" />
<SubTexture name="suited afton panic death one0001" x="972" y="1650" width="324" height="330" frameX="0" frameY="0" frameWidth="324" frameHeight="330" />
<SubTexture name="suited afton panic death two0000" x="0" y="1980" width="324" height="330" frameX="0" frameY="0" frameWidth="324" frameHeight="330" />
<SubTexture name="suited afton panic death two0001" x="324" y="1980" width="324" height="330" frameX="0" frameY="0" frameWidth="324" frameHeight="330" />
<SubTexture name="suited afton panic death three0000" x="648" y="1980" width="324" height="330" frameX="0" frameY="0" frameWidth="324" frameHeight="330" />
<SubTexture name="suited afton panic death three0001" x="972" y="1980" width="324" height="330" frameX="0" frameY="0" frameWidth="324" frameHeight="330" />
<SubTexture name="suited afton panic death four0000" x="0" y="2310" width="324" height="330" frameX="0" frameY="0" frameWidth="324" frameHeight="330" />
<SubTexture name="suited afton panic death four0001" x="324" y="2310" width="324" height="330" frameX="0" frameY="0" frameWidth="324" frameHeight="330" />
</TextureAtlas>
