{
	"arrowColors": null,
	"camOffset": {
		"x": 0,
		"y": 0
	},
	"globalOffset": {
		"x": 70,
		"y": 310
	},
	"healthbarColor": "#B28607",
	"flipX": false,
	"anims": [
		{
			"indices": null,
			"x": 0,
			"y": 0,
			"anim": "Suited Afton idle",
			"loop": false,
			"name": "idle",
			"framerate": 2
		},
		{
			"indices": null,
			"x": 0,
			"y": -5,
			"anim": "Suited Afton down",
			"loop": false,
			"name": "singDOWN",
			"framerate": 24
		},
		{
			"indices": null,
			"x": -8,
			"y": -5,
			"anim": "Suited Afton right",
			"loop": false,
			"name": "singRIGHT",
			"framerate": 24
		},
		{
			"indices": null,
			"x": 10,
			"y": -3,
			"anim": "Suited Afton left",
			"loop": false,
			"name": "singLEFT",
			"framerate": 12
		},
		{
			"indices": null,
			"x": -51,
			"y": -5,
			"anim": "Suited Afton up",
			"loop": false,
			"name": "singUP",
			"framerate": 24
		}
	],
	"danceSteps": [
		"idle"
	],
	"antialiasing": false,
	"healthIconSteps": [
		[
			20,
			0
		],
		[
			0,
			1
		]
	],
	"scale": 2.3
}