{"followLerp":0.04,"defaultCamZoom":0.6,"sprites":[{"pos":[400,130],"src":"","shader":null,"beatTween":null,"alpha":1,"scrollFactor":[0.95,0.95],"antialiasing":true,"name":"Girlfriend","animation":null,"type":"GF","scale":1},{"pos":[0,0],"src":"stages/aftonKill/wall","shader":null,"beatTween":{"ease":"linear","x":0,"y":0},"alpha":1,"scrollFactor":[1,1],"antialiasing":false,"name":"wall","animation":null,"type":"Bitmap","scale":2.3},{"pos":[0,0],"src":"stages/aftonKill/floor","shader":null,"beatTween":{"ease":"linear","x":0,"y":0},"alpha":1,"scrollFactor":[1,1],"antialiasing":false,"name":"floor","animation":null,"type":"Bitmap","scale":2.3},{"pos":[0,0],"src":"stages/aftonKill/table","shader":null,"beatTween":{"ease":"linear","x":0,"y":0},"alpha":1,"scrollFactor":[1,1],"antialiasing":false,"name":"table","animation":null,"type":"Bitmap","scale":2.3},{"pos":[442,305],"src":"","shader":"","beatTween":null,"alpha":1,"scrollFactor":[1,1],"antialiasing":true,"name":"Dad","animation":null,"type":"Dad","scale":1},{"pos":[1180,658],"src":"","shader":"","beatTween":null,"alpha":1,"scrollFactor":[1,1],"antialiasing":true,"name":"Boyfriend","animation":null,"type":"BF","scale":1},{"pos":[0,0],"src":"stages/aftonKill/table_front","shader":null,"beatTween":{"ease":"linear","x":0,"y":0},"alpha":1,"scrollFactor":[1,1],"antialiasing":false,"name":"table_front","animation":null,"type":"Bitmap","scale":2.3}],"gfOffset":[0,0],"dadOffset":[342,205],"bfOffset":[410,208]}